,Duration (mins),Total Orders
Duration (mins),1.0,0.21069428069537827
Total Orders,0.21069428069537827,1.0
